key,key:userAccount,firm,profesionalID,certifications,link
auditor-01,user-account-auditor-01,F8uEzzqvCdCiPkHFNzjgx96LqCWRuzBhFRL33XNLYCFPUPZxh7pNS3HHkP9eC8FimVy6XMgaZmS,profesionalID1,Ingeniero,http://student01-etsii.com
auditor-02,user-account-auditor-02,a,profesionalID2,Jugador de futboll,http://student02-etsi.com
auditor-03,user-account-auditor-03,auditor-03-firma,EcF8CRQM5gMGcTifFBMP8Lfmp,Ingeniero,http://student01-etsii.com
auditor-04,user-account-auditor-04,auditor-04-firma,p,Jugador de futboll,http://student02-etsi.com
auditor-05,user-account-auditor-05,auditor-05-firma,profesionalID5,4tHd6TSDwNSykBNNTyMD7VZntrmJDZwpSbHP939gfBad9njS5iDqLcq54TcBji5eZwXY9nDTPSKUh3vhgepMGqHyGUutCg2RvrLS,http://student01-etsii.com
auditor-06,user-account-auditor-06,auditor-06-firma,profesionalID6,J,http://student02-etsi.com
auditor-07,user-account-auditor-07,8uEzzqvCdCiPkHFNzjgx96LqCWRuzBhFRL33XNLYCFPUPZxh7pNS3HHkP9eC8FimVy6XMgaZmS,profesionalID7,Ingeniero,http://student01-etsii.com
auditor-08,user-account-auditor-08,ab,profesionalID8,Jugador de futboll,http://student02-etsi.com
auditor-09,user-account-auditor-09,auditor-09-firma,cF8CRQM5gMGcTifFBMP8Lfmp,Ingeniero,http://student01-etsii.com
auditor-10,user-account-auditor-10,auditor-10-firma,pe,Jugador de futboll,http://student02-etsi.com
auditor-11,user-account-auditor-11,auditor-11-firma,profesionalID11,tHd6TSDwNSykBNNTyMD7VZntrmJDZwpSbHP939gfBad9njS5iDqLcq54TcBji5eZwXY9nDTPSKUh3vhgepMGqHyGUutCg2RvrLS,http://student01-etsii.com
auditor-12,user-account-auditor-12,auditor-12-firma,profesionalID12,Jj,http://student02-etsi.com
auditor-13,user-account-auditor-13,auditor-13-firma,profesionalID13,Jj,http://student02-etsi.com
auditor-14,user-account-auditor-14,auditor-14-firma,profesionalID14,Jj,http://student02-etsi.com
auditor-15,user-account-auditor-15,auditor-15-firma,profesionalID15,Jj,http://student02-etsi.com