key,instantiation,title,author,message,email,link
note-01,2010/12/11 23:00,N,note01,se feliz,note1@acme.com,http://example.com
note-02,2011/12/10 23:00,Ahorasolamentehasta75hjkashduahdjkahdejansdandjandansioraslknejuiouuuuuuio,note02,como estas,note2@acme.com,
note-03,2001/12/10 23:00,Ahorasolamentehasta76hjkashduahdjkahdejansdandjandansioraslknejuiouuuuuuioM,note02,como estas,cualquieremail@gmail.com,
note-04,2020/12/10 23:00,Ahorasolamentehasta74hjkashduahdjkahdejansdandjandansioraslknejuiouuuuuui,note02,como estas,note2@acme.com,http://example.com
note-05,2021/12/10 23:00,NO,Ahorasolamentehasta75hjkashduahdjkahdejansdandjandansioraslknejuiouuuuuuio,como estas,,
note-06,2020/12/10 23:00,NoteTitle2,Ahorasolamentehasta76hjkashduahdjkahdejansdandjandansioraslknejuiouuuuuuioM,como estas,null,
note-07,2021/12/10 23:00,NoteTitle2,Ahorasolamentehasta74hjkashduahdjkahdejansdandjandansioraslknejuiouuuuuui,como estas,note2@acme.com,http://example.com
note-08,2020/12/10 23:00,NoteTitle2,note02,voy a escribir 99 caracteres en esta línea para hacer la prueba de que es válida para los csv okey,note2@acme.com,http://example.com
note-09,2021/12/10 23:00,NoteTitle2,note02,voy a escribir cien caracteres en esta línea para hacer la prueba de que es válida para los csv okk,note2@acme.com,http://example.com
note-10,2019/12/10 23:00,NoteTitle2,note02,voy a escribir 101 caracteres en esta línea para hacer la prueba de que es válida para los csv okeyy,note2@acme.com,http://example.com
note-11,2021/12/10 23:00,Titulo cualquier,Juanito,y aqui un breve resumen de la nota,,http://example.com
note-12,2021/12/10 23:00,"<script> alert(""hi!"")</script>",Pepe,y aqui un breve resumen de la nota,juanito@gmail.com,
note-13,2021/12/10 23:00,Titulo cualquier,"<script> alert(""hi!"")</script>",y aqui un breve resumen de la nota,,http://example.com
note-14,2021/12/10 23:00,مرحبا لكل شعبي كيف حالالفيزياء الكيميائية,Pedro,y,,http://example.com
note-15,2021/12/10 23:00,Titulo cualquier,مرحبا لكل شعبي كيف حالالفيزياء الكيميائية,yo,,http://example.com
note-16,2020/12/10 23:00,Titulo cualquier,P,"<script> alert(""hi!"")</script>",nota16@gmail.com,http://example.com
note-17,2018/12/10 23:00,#%&*@¡¿$/`´'€~|ª¨,Pe,y aqui un breve resumen de la nota,nota17@gmail.com,http://example.com
note-18,2010/12/10 23:00,Titulo cualquier,#%&*@¡¿$/`´'€~|ª¨,y aqui un breve resumen de la nota,nota18@gmail.com,http://example.com
note-19,2011/12/10 23:00,Titulo cualquier,Pedro,#%&*@¡¿$/`´'€~|ª¨,nota19@gmail.com,http://example.com
