key,key:userAccount,statement,strongFeatures,weakFeatures,link
student-01,user-account-student-01,e,esto es una strong feature,esto es una weak feature,http://student01-etsii.com
student-02,user-account-student-02,probamoscon74caracteresaquiasdasdkmvklasmkfamñlsdmqoprjopasmcñalsmnraif03l,habilidad para el diseno grafico,e,http://student02-etsi.com
student-03,user-account-student-03,probamoscon75caracteresaquiasdasdkmvklasmkfamñlsdmqoprjopasmcñalsmnraif03lm,habilidad para el diseno grafico,es,
student-04,user-account-student-04,probamoscon75caracteresaquiasdasdkmvklasmkfamñlsdmqoprjopasmcñalsmnraif03lM,habilidad para el diseno grafico,necesidad de mejorar en idiomas,http://student04.com
student-05,user-account-student-05,こんにちは、私のすべての人々に私たちはお元気ですか,esto es una strong feature,esto es una weak feature,http://student05-etsii.com
student-06,user-account-student-06,"<script> alert(""hi!"")</script>",esto es una strong feature,esto es una weak feature,null
student-07,user-account-student-07,#%&*@¡¿$/`´'€~|ª¨,esto es una strong feature,esto es una weak feature,http://student07-etsii.com
student-08,user-account-student-08,statement8,voy a escribir 99 caracteres en esta línea para hacer la prueba de que es válida para los csv okey,esto es una weak feature,http://student8-etsii.com
student-09,user-account-student-09,statement9,voy a escribir cien caracteres en esta línea para hacer la prueba de que es válida para los csv okk,esto es una weak feature,http://student9-etsii.com
student-10,user-account-student-10,statement10,voy a escribir 101 caracteres en esta línea para hacer la prueba de que es válida para los csv okeyy,esto es una weak feature,http://student10-etsii.com
student-11,user-account-student-11,statement11,こんにちは、私のすべての人々に私たちはお元気ですか,esto es una weak feature,http://student11-etsii.com
student-12,user-account-student-12,statement12,<h1> hello and welcome to the class!<h1>,esto es una weak feature,http://student8-etsii.com
student-13,user-account-student-13,statement13,#%&*@¡¿$/`´'€~|ª¨,esto es una weak feature,http://student9-etsii.com
student-14,user-account-student-14,statement14,esto es una strong feature,voy a escribir 99 caracteres en esta línea para hacer la prueba de que es válida para los csv okey,
student-15,user-account-student-15,statement15,esto es una strong feature,voy a escribir cien caracteres en esta línea para hacer la prueba de que es válida para los csv okk,http://etsii.com
student-16,user-account-student-16,statement16,esto es una strong feature,voy a escribir 101 caracteres en esta línea para hacer la prueba de que es válida para los csv okeyy,http://student8-etsii.com
student-17,user-account-student-17,statement17,esto es una strong feature,こんにちは、私のすべての人々に私たちはお元気ですか,http://student17-etsii.com
student-18,user-account-student-18,statement18,es,"<script> alert(""hi!"")</script>",http://student18-etsii.com
student-19,user-account-student-19,st,e,#%&*@¡¿$/`´'€~|ª¨,http://student19-etsii.us.es
